{
  "spatial_fold": 2,
  "var_pct_target": 70.0,
  "k_chosen": 106,
  "cum_evr_at_k": 0.7002238631248474,
  "evr_head": [
    0.1745723932981491,
    0.05538376048207283,
    0.034787051379680634,
    0.031542085111141205,
    0.019586650654673576,
    0.01774022728204727,
    0.016241837292909622,
    0.013684184290468693,
    0.011153306812047958,
    0.010979462414979935
  ],
  "cum_evr_head": [
    0.1745723932981491,
    0.22995615005493164,
    0.26474320888519287,
    0.2962853014469147,
    0.3158719539642334,
    0.3336121737957001,
    0.3498540222644806,
    0.3635382056236267,
    0.37469151616096497,
    0.3856709897518158
  ],
  "model_config": "dinov3_sat",
  "seed": 42,
  "epochs": 50,
  "val_rmse_history": [
    25.315502,
    24.967604,
    24.606485,
    24.231579,
    23.871943,
    23.538385,
    23.18405,
    22.914825,
    22.56192,
    22.246796,
    21.782177,
    21.390154,
    21.19346,
    20.629423,
    20.330263,
    20.077793,
    19.747387,
    19.422848,
    19.034681,
    18.838522,
    18.682693,
    18.350672,
    18.221027,
    17.910103,
    17.560665,
    17.435034,
    17.176619,
    17.304913,
    16.827591,
    16.597525,
    16.441668,
    16.49902,
    16.070522,
    15.870563,
    15.868544,
    15.753302,
    15.588415,
    15.491327,
    15.36424,
    15.372432,
    15.154508,
    15.312944,
    15.168767,
    15.010696,
    14.941823,
    14.756762,
    14.946919,
    14.976637,
    15.251529,
    14.814044
  ],
  "token_grid": [
    14,
    14,
    1024
  ],
  "out_size": 224,
  "n_train_rows": 1170,
  "n_val_rows": 291,
  "train_tiles": [
    "10_1",
    "10_10",
    "10_13",
    "10_14",
    "10_16",
    "10_18",
    "10_20",
    "10_21",
    "10_23",
    "10_24",
    "10_25",
    "10_26",
    "10_27",
    "10_28",
    "10_3",
    "10_4",
    "10_7",
    "10_8",
    "10_9",
    "11_1",
    "11_12",
    "11_13",
    "11_14",
    "11_15",
    "11_16",
    "11_17",
    "11_18",
    "11_19",
    "11_20",
    "11_21",
    "11_22",
    "11_23",
    "11_24",
    "11_26",
    "11_28",
    "11_3",
    "11_4",
    "11_5",
    "11_6",
    "11_7",
    "11_8",
    "12_1",
    "12_10",
    "12_11",
    "12_12",
    "12_14",
    "12_15",
    "12_17",
    "12_18",
    "12_22",
    "12_23",
    "12_24",
    "12_26",
    "12_29",
    "12_8",
    "13_11",
    "13_12",
    "13_14",
    "13_15",
    "13_16",
    "13_18",
    "13_19",
    "13_2",
    "13_21",
    "13_22",
    "13_23",
    "13_24",
    "13_25",
    "13_26",
    "13_28",
    "13_29",
    "13_30",
    "13_4",
    "13_5",
    "13_9",
    "14_1",
    "14_10",
    "14_11",
    "14_12",
    "14_13",
    "14_14",
    "14_17",
    "14_18",
    "14_2",
    "14_20",
    "14_21",
    "14_24",
    "14_25",
    "14_26",
    "14_3",
    "14_30",
    "14_5",
    "14_6",
    "14_8",
    "14_9",
    "15_1",
    "15_10",
    "15_12",
    "15_16",
    "15_17",
    "15_18",
    "15_19",
    "15_2",
    "15_20",
    "15_22",
    "15_24",
    "15_29",
    "15_30",
    "15_31",
    "15_32",
    "15_4",
    "15_5",
    "15_6",
    "15_7",
    "15_8",
    "15_9",
    "16_10",
    "16_11",
    "16_14",
    "16_16",
    "16_18",
    "16_19",
    "16_21",
    "16_22",
    "16_26",
    "16_3",
    "16_33",
    "16_4",
    "16_6",
    "16_7",
    "16_8",
    "16_9",
    "17_11",
    "17_13",
    "17_17",
    "17_19",
    "17_2",
    "17_21",
    "17_22",
    "17_24",
    "17_26",
    "17_27",
    "17_28",
    "17_29",
    "17_3",
    "17_30",
    "17_33",
    "17_4",
    "17_5",
    "17_7",
    "18_10",
    "18_11",
    "18_12",
    "18_15",
    "18_16",
    "18_17",
    "18_20",
    "18_21",
    "18_22",
    "18_24",
    "18_25",
    "18_26",
    "18_28",
    "18_3",
    "18_32",
    "18_33",
    "18_4",
    "18_6",
    "18_8",
    "18_9",
    "19_10",
    "19_11",
    "19_12",
    "19_15",
    "19_16",
    "19_17",
    "19_18",
    "19_19",
    "19_21",
    "19_22",
    "19_23",
    "19_24",
    "19_25",
    "19_3",
    "19_33",
    "19_34",
    "19_5",
    "19_7",
    "19_8",
    "19_9",
    "1_1",
    "1_10",
    "1_11",
    "1_13",
    "1_15",
    "1_16",
    "1_17",
    "1_18",
    "1_5",
    "1_7",
    "1_8",
    "1_9",
    "20_10",
    "20_11",
    "20_16",
    "20_17",
    "20_19",
    "20_21",
    "20_22",
    "20_23",
    "20_24",
    "20_25",
    "20_28",
    "20_29",
    "20_30",
    "20_31",
    "20_33",
    "20_34",
    "20_5",
    "20_6",
    "20_7",
    "20_9",
    "21_11",
    "21_12",
    "21_13",
    "21_14",
    "21_15",
    "21_17",
    "21_20",
    "21_23",
    "21_27",
    "21_29",
    "21_30",
    "21_31",
    "21_34",
    "21_5",
    "22_10",
    "22_11",
    "22_14",
    "22_16",
    "22_17",
    "22_19",
    "22_22",
    "22_23",
    "22_24",
    "22_25",
    "22_26",
    "22_27",
    "22_28",
    "22_29",
    "22_30",
    "22_32",
    "22_33",
    "22_34",
    "22_5",
    "22_6",
    "22_7",
    "22_8",
    "22_9",
    "23_11",
    "23_15",
    "23_17",
    "23_18",
    "23_19",
    "23_20",
    "23_21",
    "23_22",
    "23_8",
    "23_9",
    "2_1",
    "2_10",
    "2_13",
    "2_14",
    "2_15",
    "2_17",
    "2_18",
    "2_19",
    "2_4",
    "2_5",
    "2_7",
    "2_9",
    "3_11",
    "3_13",
    "3_15",
    "3_17",
    "3_19",
    "3_2",
    "3_20",
    "3_3",
    "3_4",
    "3_5",
    "3_6",
    "3_9",
    "4_10",
    "4_11",
    "4_12",
    "4_15",
    "4_16",
    "4_17",
    "4_19",
    "4_20",
    "4_21",
    "4_4",
    "4_5",
    "4_6",
    "4_7",
    "4_9",
    "5_10",
    "5_11",
    "5_14",
    "5_15",
    "5_16",
    "5_17",
    "5_18",
    "5_19",
    "5_20",
    "5_21",
    "5_3",
    "5_5",
    "5_6",
    "5_8",
    "6_1",
    "6_11",
    "6_12",
    "6_14",
    "6_17",
    "6_19",
    "6_2",
    "6_22",
    "6_23",
    "6_3",
    "6_4",
    "6_5",
    "6_6",
    "6_7",
    "7_1",
    "7_10",
    "7_11",
    "7_12",
    "7_13",
    "7_14",
    "7_16",
    "7_17",
    "7_18",
    "7_19",
    "7_2",
    "7_20",
    "7_21",
    "7_22",
    "7_23",
    "7_24",
    "7_3",
    "7_4",
    "7_5",
    "7_7",
    "7_8",
    "7_9",
    "8_1",
    "8_10",
    "8_11",
    "8_12",
    "8_13",
    "8_16",
    "8_17",
    "8_20",
    "8_25",
    "8_26",
    "8_3",
    "8_7",
    "8_8",
    "9_1",
    "9_10",
    "9_11",
    "9_12",
    "9_13",
    "9_15",
    "9_16",
    "9_17",
    "9_2",
    "9_21",
    "9_22",
    "9_24",
    "9_25",
    "9_26",
    "9_27",
    "9_3",
    "9_4",
    "9_7",
    "9_8",
    "9_9"
  ],
  "val_tiles": [
    "10_12",
    "10_17",
    "10_22",
    "11_25",
    "11_27",
    "12_3",
    "13_20",
    "13_6",
    "14_16",
    "14_19",
    "14_22",
    "14_23",
    "14_32",
    "15_13",
    "15_15",
    "15_21",
    "15_25",
    "15_26",
    "15_3",
    "15_33",
    "16_15",
    "16_20",
    "16_24",
    "16_25",
    "16_30",
    "17_12",
    "17_20",
    "17_25",
    "17_6",
    "17_9",
    "18_13",
    "18_14",
    "18_27",
    "18_29",
    "18_31",
    "18_5",
    "19_27",
    "19_4",
    "1_12",
    "1_3",
    "1_6",
    "20_12",
    "20_15",
    "20_18",
    "20_4",
    "20_8",
    "21_10",
    "21_19",
    "21_21",
    "21_22",
    "21_24",
    "21_25",
    "21_32",
    "21_33",
    "21_7",
    "21_9",
    "22_12",
    "22_15",
    "22_18",
    "22_20",
    "22_21",
    "23_12",
    "23_13",
    "23_14",
    "23_24",
    "23_6",
    "23_7",
    "2_11",
    "2_16",
    "2_2",
    "2_3",
    "3_1",
    "3_10",
    "3_14",
    "3_16",
    "3_18",
    "3_8",
    "4_13",
    "4_14",
    "4_18",
    "4_8",
    "5_1",
    "5_12",
    "5_13",
    "5_9",
    "6_10",
    "6_13",
    "6_16",
    "6_9",
    "7_25",
    "8_21",
    "8_22",
    "8_24",
    "8_4",
    "8_6",
    "8_9",
    "9_14"
  ]
}