{
  "spatial_fold": 4,
  "var_pct_target": 50.0,
  "k_chosen": 26,
  "cum_evr_at_k": 0.5041904449462891,
  "evr_head": [
    0.17457212507724762,
    0.05519894137978554,
    0.03582780808210373,
    0.03149177134037018,
    0.020047763362526894,
    0.01754593476653099,
    0.016213683411478996,
    0.013978770934045315,
    0.011129011400043964,
    0.010973024182021618
  ],
  "cum_evr_head": [
    0.17457212507724762,
    0.22977106273174286,
    0.265598863363266,
    0.29709064960479736,
    0.3171384036540985,
    0.3346843421459198,
    0.35089802742004395,
    0.36487680673599243,
    0.3760058283805847,
    0.3869788646697998
  ],
  "model_config": "dinov3_sat",
  "seed": 42,
  "epochs": 50,
  "val_rmse_history": [
    24.576027,
    24.195831,
    23.779203,
    23.420715,
    22.994471,
    22.579983,
    22.180651,
    21.752499,
    21.364296,
    20.833054,
    20.614849,
    19.926918,
    19.352386,
    18.883423,
    18.528917,
    18.203253,
    17.708294,
    17.337761,
    17.596493,
    16.970749,
    16.501833,
    16.040071,
    15.71387,
    15.556421,
    15.203008,
    15.015066,
    15.132983,
    14.555,
    14.450964,
    14.2263,
    13.98163,
    14.124865,
    13.822937,
    13.608383,
    13.502866,
    13.400853,
    13.336169,
    13.673925,
    13.771855,
    12.929184,
    12.84152,
    12.671484,
    12.983615,
    12.79593,
    12.763984,
    12.738207,
    12.545232,
    12.430532,
    12.665899,
    12.338032
  ],
  "token_grid": [
    14,
    14,
    1024
  ],
  "out_size": 224,
  "n_train_rows": 1170,
  "n_val_rows": 291,
  "train_tiles": [
    "10_1",
    "10_12",
    "10_13",
    "10_14",
    "10_16",
    "10_17",
    "10_18",
    "10_20",
    "10_21",
    "10_22",
    "10_23",
    "10_24",
    "10_26",
    "10_27",
    "10_28",
    "10_3",
    "10_4",
    "10_7",
    "11_1",
    "11_12",
    "11_13",
    "11_14",
    "11_15",
    "11_16",
    "11_17",
    "11_18",
    "11_19",
    "11_20",
    "11_21",
    "11_22",
    "11_24",
    "11_25",
    "11_26",
    "11_27",
    "11_28",
    "11_3",
    "11_4",
    "11_5",
    "11_7",
    "11_8",
    "12_1",
    "12_10",
    "12_15",
    "12_23",
    "12_24",
    "12_26",
    "12_3",
    "12_8",
    "13_11",
    "13_12",
    "13_14",
    "13_15",
    "13_16",
    "13_18",
    "13_19",
    "13_2",
    "13_20",
    "13_21",
    "13_23",
    "13_24",
    "13_25",
    "13_26",
    "13_28",
    "13_29",
    "13_30",
    "13_4",
    "13_6",
    "13_9",
    "14_1",
    "14_10",
    "14_11",
    "14_12",
    "14_16",
    "14_17",
    "14_19",
    "14_2",
    "14_20",
    "14_21",
    "14_22",
    "14_23",
    "14_24",
    "14_26",
    "14_3",
    "14_32",
    "14_5",
    "14_9",
    "15_1",
    "15_10",
    "15_12",
    "15_13",
    "15_15",
    "15_16",
    "15_17",
    "15_18",
    "15_19",
    "15_2",
    "15_20",
    "15_21",
    "15_22",
    "15_25",
    "15_26",
    "15_29",
    "15_3",
    "15_30",
    "15_31",
    "15_32",
    "15_33",
    "15_5",
    "15_6",
    "15_7",
    "15_9",
    "16_10",
    "16_11",
    "16_14",
    "16_15",
    "16_16",
    "16_18",
    "16_19",
    "16_20",
    "16_21",
    "16_22",
    "16_24",
    "16_25",
    "16_26",
    "16_30",
    "16_4",
    "16_6",
    "16_7",
    "16_8",
    "16_9",
    "17_11",
    "17_12",
    "17_13",
    "17_2",
    "17_20",
    "17_21",
    "17_22",
    "17_25",
    "17_26",
    "17_28",
    "17_29",
    "17_3",
    "17_30",
    "17_4",
    "17_5",
    "17_6",
    "17_7",
    "17_9",
    "18_10",
    "18_11",
    "18_12",
    "18_13",
    "18_14",
    "18_15",
    "18_16",
    "18_25",
    "18_26",
    "18_27",
    "18_28",
    "18_29",
    "18_3",
    "18_31",
    "18_32",
    "18_33",
    "18_5",
    "18_6",
    "18_8",
    "19_10",
    "19_12",
    "19_15",
    "19_16",
    "19_17",
    "19_19",
    "19_22",
    "19_23",
    "19_25",
    "19_27",
    "19_3",
    "19_33",
    "19_34",
    "19_4",
    "19_5",
    "19_7",
    "19_8",
    "19_9",
    "1_1",
    "1_10",
    "1_11",
    "1_12",
    "1_13",
    "1_15",
    "1_16",
    "1_3",
    "1_5",
    "1_6",
    "1_7",
    "1_9",
    "20_11",
    "20_12",
    "20_15",
    "20_16",
    "20_17",
    "20_18",
    "20_19",
    "20_23",
    "20_24",
    "20_25",
    "20_28",
    "20_30",
    "20_33",
    "20_34",
    "20_4",
    "20_7",
    "20_8",
    "20_9",
    "21_10",
    "21_13",
    "21_14",
    "21_17",
    "21_19",
    "21_21",
    "21_22",
    "21_23",
    "21_24",
    "21_25",
    "21_27",
    "21_29",
    "21_30",
    "21_31",
    "21_32",
    "21_33",
    "21_34",
    "21_5",
    "21_7",
    "21_9",
    "22_10",
    "22_12",
    "22_15",
    "22_16",
    "22_17",
    "22_18",
    "22_19",
    "22_20",
    "22_21",
    "22_23",
    "22_24",
    "22_26",
    "22_29",
    "22_30",
    "22_32",
    "22_34",
    "22_6",
    "22_7",
    "22_8",
    "23_11",
    "23_12",
    "23_13",
    "23_14",
    "23_15",
    "23_17",
    "23_18",
    "23_19",
    "23_21",
    "23_24",
    "23_6",
    "23_7",
    "23_8",
    "23_9",
    "2_1",
    "2_10",
    "2_11",
    "2_14",
    "2_15",
    "2_16",
    "2_2",
    "2_3",
    "2_5",
    "2_9",
    "3_1",
    "3_10",
    "3_11",
    "3_13",
    "3_14",
    "3_15",
    "3_16",
    "3_18",
    "3_19",
    "3_2",
    "3_3",
    "3_4",
    "3_6",
    "3_8",
    "3_9",
    "4_10",
    "4_11",
    "4_13",
    "4_14",
    "4_15",
    "4_16",
    "4_17",
    "4_18",
    "4_19",
    "4_20",
    "4_21",
    "4_4",
    "4_5",
    "4_6",
    "4_8",
    "5_1",
    "5_11",
    "5_12",
    "5_13",
    "5_14",
    "5_15",
    "5_16",
    "5_17",
    "5_18",
    "5_19",
    "5_20",
    "5_21",
    "5_5",
    "5_6",
    "5_8",
    "5_9",
    "6_1",
    "6_10",
    "6_11",
    "6_12",
    "6_13",
    "6_14",
    "6_16",
    "6_19",
    "6_2",
    "6_22",
    "6_23",
    "6_3",
    "6_4",
    "6_5",
    "6_6",
    "6_7",
    "6_9",
    "7_1",
    "7_10",
    "7_11",
    "7_12",
    "7_13",
    "7_14",
    "7_16",
    "7_18",
    "7_19",
    "7_2",
    "7_21",
    "7_22",
    "7_23",
    "7_24",
    "7_25",
    "7_3",
    "7_4",
    "7_7",
    "8_1",
    "8_10",
    "8_11",
    "8_12",
    "8_13",
    "8_16",
    "8_17",
    "8_20",
    "8_21",
    "8_22",
    "8_24",
    "8_26",
    "8_4",
    "8_6",
    "8_7",
    "8_8",
    "8_9",
    "9_11",
    "9_13",
    "9_14",
    "9_15",
    "9_16",
    "9_17",
    "9_21",
    "9_22",
    "9_24",
    "9_26",
    "9_27",
    "9_3",
    "9_7",
    "9_8"
  ],
  "val_tiles": [
    "10_10",
    "10_25",
    "10_8",
    "10_9",
    "11_23",
    "11_6",
    "12_11",
    "12_12",
    "12_14",
    "12_17",
    "12_18",
    "12_22",
    "12_29",
    "13_22",
    "13_5",
    "14_13",
    "14_14",
    "14_18",
    "14_25",
    "14_30",
    "14_6",
    "14_8",
    "15_24",
    "15_4",
    "15_8",
    "16_3",
    "16_33",
    "17_17",
    "17_19",
    "17_24",
    "17_27",
    "17_33",
    "18_17",
    "18_20",
    "18_21",
    "18_22",
    "18_24",
    "18_4",
    "18_9",
    "19_11",
    "19_18",
    "19_21",
    "19_24",
    "1_17",
    "1_18",
    "1_8",
    "20_10",
    "20_21",
    "20_22",
    "20_29",
    "20_31",
    "20_5",
    "20_6",
    "21_11",
    "21_12",
    "21_15",
    "21_20",
    "22_11",
    "22_14",
    "22_22",
    "22_25",
    "22_27",
    "22_28",
    "22_33",
    "22_5",
    "22_9",
    "23_20",
    "23_22",
    "2_13",
    "2_17",
    "2_18",
    "2_19",
    "2_4",
    "2_7",
    "3_17",
    "3_20",
    "3_5",
    "4_12",
    "4_7",
    "4_9",
    "5_10",
    "5_3",
    "6_17",
    "7_17",
    "7_20",
    "7_5",
    "7_8",
    "7_9",
    "8_25",
    "8_3",
    "9_1",
    "9_10",
    "9_12",
    "9_2",
    "9_25",
    "9_4",
    "9_9"
  ]
}